nk,energy
20,-3959.94717
30,-3991.78143
35,-3993.60232
40,-3993.94384
45,-3993.98709
50,-3993.98929
55,-3993.99734
60,-3994.00914
65,-3994.01875
70,-3994.02418
