alat,energy
4.3,-3993.95079
4.31,-3993.95827
4.32,-3993.96507
4.33,-3993.97118
4.34,-3993.97664
4.35,-3993.98143
4.359999999999999,-3993.98558
4.37,-3993.9891
4.38,-3993.99203
4.39,-3993.99441
4.4,-3993.99617
4.41,-3993.99742
4.42,-3993.99809
4.43,-3993.99823
4.4399999999999995,-3993.99782
4.45,-3993.99699
4.46,-3993.99561
4.47,-3993.99381
4.48,-3993.9915
4.49,-3993.98874
4.5,-3993.98552
