nk,energy
4,-3994.02418
5,-3993.99823
6,-3994.00617
7,-3994.0076
8,-3994.00686
9,-3994.00659
10,-3994.00712
