alat,energy
3.1,-12331.55799
3.11,-12331.57802
3.12,-12331.5962
3.13,-12331.61332
3.14,-12331.6288
3.15,-12331.64309
3.16,-12331.65613
3.17,-12331.66798
3.18,-12331.67835
3.19,-12331.68789
3.2,-12331.69615
3.21,-12331.70338
3.2199999999999998,-12331.70964
3.23,-12331.71476
3.2399999999999998,-12331.71885
3.25,-12331.72198
3.26,-12331.72421
3.27,-12331.72563
3.28,-12331.72623
3.29,-12331.72592
3.3,-12331.72482
