alat,energy
4.15,-1247.04683
4.16,-1247.05174
4.17,-1247.05608
4.18,-1247.06007
4.19,-1247.06363
4.2,-1247.06626
4.21,-1247.06861
4.22,-1247.07042
4.23,-1247.07169
