alat,energy
4.9,-5934.54985
4.91,-5934.55098
4.92,-5934.55197
4.930000000000001,-5934.55284
4.94,-5934.55359
4.95,-5934.55421
4.96,-5934.5547
4.97,-5934.55508
4.98,-5934.55534
4.99,-5934.55548
5.0,-5934.5555
5.01,-5934.55541
5.02,-5934.5552
5.03,-5934.55489
5.04,-5934.55446
5.05,-5934.55392
5.06,-5934.55327
5.069999999999999,-5934.55252
5.08,-5934.55166
5.09,-5934.55069
5.1,-5934.54962
