alat,energy
4.55,-4042.37817
4.56,-4042.38054
4.57,-4042.38243
4.58,-4042.38382
4.59,-4042.3848
4.6,-4042.38532
4.61,-4042.38539
4.62,-4042.3851
4.63,-4042.38436
4.64,-4042.38325
4.65,-4042.38172
