alat,energy
4.51,-4042.36368
4.52,-4042.36806
4.53,-4042.37186
4.54,-4042.37521
4.55,-4042.37805
4.56,-4042.38043
4.57,-4042.38233
4.58,-4042.38373
4.59,-4042.38472
