alat,energy
4.39,-4042.26731
4.4,-4042.27871
4.41,-4042.2895
4.42,-4042.2996
4.43,-4042.30908
4.44,-4042.31791
4.45,-4042.3262
4.46,-4042.33384
4.47,-4042.34096
